<metadata xml:lang="en"><Esri><CreaDate>20160323</CreaDate><CreaTime>10241300</CreaTime><ArcGISFormat>1.0</ArcGISFormat><SyncOnce>TRUE</SyncOnce><ModDate>20160328</ModDate><ModTime>12003400</ModTime><scaleRange><minScale>150000000</minScale><maxScale>5000</maxScale></scaleRange><ArcGISProfile>ItemDescription</ArcGISProfile></Esri><dataIdInfo><idCitation><resTitle>Upload</resTitle></idCitation><idCredit>Calthorpe Analytics</idCredit></dataIdInfo><distInfo><distributor><distorFormat><formatName>ArcToolbox Tool</formatName></distorFormat></distributor></distInfo><tool name="UrbanFootprint_Upload" displayname="Upload" toolboxalias="" xmlns=""><parameters><param name="in_email" displayname="Email" type="Required" direction="Input" datatype="String" expression="in_email"><dialogReference>&lt;DIV STYLE="text-align:Left;"&gt;&lt;DIV&gt;&lt;DIV&gt;&lt;P&gt;&lt;SPAN&gt;The email used to login to UrbanFootprint&lt;/SPAN&gt;&lt;/P&gt;&lt;/DIV&gt;&lt;/DIV&gt;&lt;/DIV&gt;</dialogReference></param><param name="in_password" displayname="Password" type="Required" direction="Input" datatype="String Hidden" expression="in_password"><dialogReference>&lt;DIV STYLE="text-align:Left;"&gt;&lt;DIV&gt;&lt;DIV&gt;&lt;P&gt;&lt;SPAN&gt;The password used to login to UrbanFootprint&lt;/SPAN&gt;&lt;/P&gt;&lt;/DIV&gt;&lt;/DIV&gt;&lt;/DIV&gt;</dialogReference></param><param name="in_server_url" displayname="Server URL" type="Required" direction="Input" datatype="String" expression="in_server_url"><dialogReference>&lt;DIV STYLE="text-align:Left;"&gt;&lt;DIV&gt;&lt;DIV&gt;&lt;P&gt;&lt;SPAN&gt;The url of UrbanFootprint&lt;/SPAN&gt;&lt;/P&gt;&lt;P&gt;&lt;SPAN&gt;Example: https://something.urbanfootprint.net&lt;/SPAN&gt;&lt;/P&gt;&lt;/DIV&gt;&lt;/DIV&gt;&lt;/DIV&gt;</dialogReference></param><param name="in_project_name" displayname="Project Name" type="Required" direction="Input" datatype="String" expression="in_project_name"><dialogReference>&lt;DIV STYLE="text-align:Left;"&gt;&lt;DIV&gt;&lt;DIV&gt;&lt;P&gt;&lt;SPAN&gt;The project name in UrbanFootprint&lt;/SPAN&gt;&lt;/P&gt;&lt;P&gt;&lt;SPAN&gt;Example: Anaheim&lt;/SPAN&gt;&lt;/P&gt;&lt;P&gt;&lt;SPAN&gt;*this field is case sensitive&lt;/SPAN&gt;&lt;/P&gt;&lt;/DIV&gt;&lt;/DIV&gt;&lt;/DIV&gt;</dialogReference></param><param name="in_features" displayname="Input Features" type="Required" direction="Input" datatype="Feature Layer" expression="in_features"><dialogReference>&lt;DIV STYLE="text-align:Left;"&gt;&lt;DIV&gt;&lt;P&gt;&lt;SPAN&gt;The layer to upload to UrbanFootprint&lt;/SPAN&gt;&lt;/P&gt;&lt;P&gt;&lt;SPAN&gt;*supports gdb and shp files&lt;/SPAN&gt;&lt;/P&gt;&lt;/DIV&gt;&lt;/DIV&gt;</dialogReference></param></parameters><arcToolboxHelpPath>c:\program files\arcgis\desktop10.4\Help\gp</arcToolboxHelpPath></tool><mdHrLv><ScopeCd value="005"/></mdHrLv></metadata>
